"","date","sampleID","CO2","input","pH","cond","temp","DO","salt","CO2_raw","air","CO2_calc","experiment","fertilizer","treatment","experiment.fert","sampleID.exp"
"1",2012-07-24,"1","Ambient CO2","Did not receive input",8.525,81.1,23.625,9.0375,0,42.6666666666667,381,92.5478072462774,"Experiment 1","Not fertilized","Ambient CO2 Not fertilized Experiment 1","Experiment 1","1 Experiment 1"
"2",2012-07-24,"2","High CO2","Received input",8.53,80.575,24.225,8.605,0,73.3333333333333,381,159.818527830638,"Experiment 1","Not fertilized","High CO2 Not fertilized Experiment 1","Experiment 1","2 Experiment 1"
"3",2012-07-24,"3","Ambient CO2","Received input",8.6825,81.225,24.15,7.75,0,43.6666666666667,381,95.2101759121339,"Experiment 1","Not fertilized","Ambient CO2 Not fertilized Experiment 1","Experiment 1","3 Experiment 1"
"4",2012-07-24,"4","High CO2","Did not receive input",8.595,81.325,23.625,8.6325,0,64.3333333333333,381,139.342563742916,"Experiment 1","Not fertilized","High CO2 Not fertilized Experiment 1","Experiment 1","4 Experiment 1"
"5",2012-07-24,"5","Ambient CO2","Received input",8.595,81.65,23.525,8.79,0,56.3333333333333,381,121.727373540326,"Experiment 1","Not fertilized","Ambient CO2 Not fertilized Experiment 1","Experiment 1","5 Experiment 1"
"6",2012-07-24,"6","High CO2","Did not receive input",8.8425,81.05,23.525,8.445,0,33,381,71.3876683597228,"Experiment 1","Not fertilized","High CO2 Not fertilized Experiment 1","Experiment 1","6 Experiment 1"
"7",2012-07-24,"7","Ambient CO2","Did not receive input",8.9275,81.2,23.425,8.4475,0,25,381,53.9880209784477,"Experiment 1","Not fertilized","Ambient CO2 Not fertilized Experiment 1","Experiment 1","7 Experiment 1"
"8",2012-07-24,"8","High CO2","Received input",8.9375,81.1,23.7,8.4125,0,24.3333333333333,381,52.7620181685453,"Experiment 1","Not fertilized","High CO2 Not fertilized Experiment 1","Experiment 1","8 Experiment 1"
"9",2012-07-24,"lake","Lake","Lake",8.8875,81.875,24.2125,7.30625,0,17.5,381,38.3976480775486,"Experiment 1","Not fertilized","Lake Not fertilized Experiment 1","Experiment 1","lake Experiment 1"
"10",2012-07-25,"1","Ambient CO2","Did not receive input",8.145,NA,24.6,NA,0,NA,NA,NA,"Experiment 1","Not fertilized","Ambient CO2 Not fertilized Experiment 1","Experiment 1","1 Experiment 1"
"11",2012-07-25,"2","High CO2","Received input",NA,NA,NA,NA,NA,NA,NA,NA,"Experiment 1","Not fertilized","High CO2 Not fertilized Experiment 1","Experiment 1","2 Experiment 1"
"12",2012-07-25,"3","Ambient CO2","Received input",8.705,NA,24,NA,0,NA,NA,NA,"Experiment 1","Not fertilized","Ambient CO2 Not fertilized Experiment 1","Experiment 1","3 Experiment 1"
"13",2012-07-25,"4","High CO2","Did not receive input",8.01,NA,24.9,NA,0,NA,NA,NA,"Experiment 1","Not fertilized","High CO2 Not fertilized Experiment 1","Experiment 1","4 Experiment 1"
"14",2012-07-25,"5","Ambient CO2","Received input",8.515,NA,24.35,NA,0,NA,NA,NA,"Experiment 1","Not fertilized","Ambient CO2 Not fertilized Experiment 1","Experiment 1","5 Experiment 1"
"15",2012-07-25,"6","High CO2","Did not receive input",8.255,NA,24.35,NA,0,NA,NA,NA,"Experiment 1","Not fertilized","High CO2 Not fertilized Experiment 1","Experiment 1","6 Experiment 1"
"16",2012-07-25,"7","Ambient CO2","Did not receive input",8.705,NA,24.4,NA,0,NA,NA,NA,"Experiment 1","Not fertilized","Ambient CO2 Not fertilized Experiment 1","Experiment 1","7 Experiment 1"
"17",2012-07-25,"8","High CO2","Received input",8.615,NA,24.35,NA,0,NA,NA,NA,"Experiment 1","Not fertilized","High CO2 Not fertilized Experiment 1","Experiment 1","8 Experiment 1"
"18",2012-07-25,"lake","Lake","Lake",NA,NA,NA,NA,NA,NA,NA,NA,"Experiment 1","Not fertilized","Lake Not fertilized Experiment 1","Experiment 1","lake Experiment 1"
"19",2012-07-26,"1","Ambient CO2","Did not receive input",7.78333333333333,85.7666666666667,22.4333333333333,NA,0,254.5,NA,539.942578200032,"Experiment 1","Not fertilized","Ambient CO2 Not fertilized Experiment 1","Experiment 1","1 Experiment 1"
"20",2012-07-26,"2","High CO2","Received input",7.56333333333333,84.8666666666667,22.8333333333333,NA,0,611,NA,1302.77828043267,"Experiment 1","Not fertilized","High CO2 Not fertilized Experiment 1","Experiment 1","2 Experiment 1"
"21",2012-07-26,"3","Ambient CO2","Received input",8.29333333333333,85.5333333333333,22.7333333333333,NA,0,67.5,NA,143.688544581235,"Experiment 1","Not fertilized","Ambient CO2 Not fertilized Experiment 1","Experiment 1","3 Experiment 1"
"22",2012-07-26,"4","High CO2","Did not receive input",7.42666666666667,86,22.4333333333333,NA,0,1190.5,NA,2527.50042755352,"Experiment 1","Not fertilized","High CO2 Not fertilized Experiment 1","Experiment 1","4 Experiment 1"
"23",2012-07-26,"5","Ambient CO2","Received input",7.90333333333333,86.1333333333333,22.1666666666667,NA,0,206.5,NA,436.790418718117,"Experiment 1","Not fertilized","Ambient CO2 Not fertilized Experiment 1","Experiment 1","5 Experiment 1"
"24",2012-07-26,"6","High CO2","Did not receive input",7.51666666666667,85.3666666666667,22.3333333333333,NA,0,853.5,NA,1805.44084832004,"Experiment 1","Not fertilized","High CO2 Not fertilized Experiment 1","Experiment 1","6 Experiment 1"
"25",2012-07-26,"7","Ambient CO2","Did not receive input",8.5,85.5333333333333,22.1333333333333,NA,0,45.5,NA,95.9431526301249,"Experiment 1","Not fertilized","Ambient CO2 Not fertilized Experiment 1","Experiment 1","7 Experiment 1"
"26",2012-07-26,"8","High CO2","Received input",7.78333333333333,85.4,22.5,NA,0,455,NA,965.295530296285,"Experiment 1","Not fertilized","High CO2 Not fertilized Experiment 1","Experiment 1","8 Experiment 1"
"27",2012-07-26,"lake","Lake","Lake",8.74166666666667,86.3166666666667,22.4333333333333,NA,0,199,NA,408.12131944808,"Experiment 1","Not fertilized","Lake Not fertilized Experiment 1","Experiment 1","lake Experiment 1"
"28",2012-07-27,"1","Ambient CO2","Did not receive input",7.59,84.7,22.1,NA,0,302,NA,632.991587056195,"Experiment 1","Not fertilized","Ambient CO2 Not fertilized Experiment 1","Experiment 1","1 Experiment 1"
"29",2012-07-27,"2","High CO2","Received input",7.35333333333333,85.2666666666667,22.3666666666667,NA,0,985.5,NA,2077.90187609253,"Experiment 1","Not fertilized","High CO2 Not fertilized Experiment 1","Experiment 1","2 Experiment 1"
"30",2012-07-27,"3","Ambient CO2","Received input",7.8,85.2666666666667,22,NA,0,129,NA,268.101675160499,"Experiment 1","Not fertilized","Ambient CO2 Not fertilized Experiment 1","Experiment 1","3 Experiment 1"
"31",2012-07-27,"4","High CO2","Did not receive input",7.33333333333333,85.8,22.4,NA,0,1381.5,NA,2916.33698406604,"Experiment 1","Not fertilized","High CO2 Not fertilized Experiment 1","Experiment 1","4 Experiment 1"
"32",2012-07-27,"5","Ambient CO2","Received input",7.68333333333333,86.1333333333333,22.0333333333333,NA,0,205.5,NA,430.388293041774,"Experiment 1","Not fertilized","Ambient CO2 Not fertilized Experiment 1","Experiment 1","5 Experiment 1"
"33",2012-07-27,"6","High CO2","Did not receive input",7.21333333333333,85.4,22.3666666666667,NA,0,1126,NA,2376.3931777224,"Experiment 1","Not fertilized","High CO2 Not fertilized Experiment 1","Experiment 1","6 Experiment 1"
"34",2012-07-27,"7","Ambient CO2","Did not receive input",8.12666666666667,85.4,21.8333333333333,NA,0,77.5,NA,161.275471231026,"Experiment 1","Not fertilized","Ambient CO2 Not fertilized Experiment 1","Experiment 1","7 Experiment 1"
"35",2012-07-27,"8","High CO2","Received input",7.54666666666667,85.4,23.2333333333333,NA,0,740,NA,1585.22191922474,"Experiment 1","Not fertilized","High CO2 Not fertilized Experiment 1","Experiment 1","8 Experiment 1"
"36",2012-07-27,"lake","Lake","Lake",8.65833333333333,86.4166666666667,22.5333333333333,NA,0,138.5,NA,283.688568524831,"Experiment 1","Not fertilized","Lake Not fertilized Experiment 1","Experiment 1","lake Experiment 1"
"37",2012-07-29,"1","Ambient CO2","Did not receive input",7.41,NA,22.2333333333333,NA,0,293.5,NA,613.201809672717,"Experiment 1","Not fertilized","Ambient CO2 Not fertilized Experiment 1","Experiment 1","1 Experiment 1"
"38",2012-07-29,"2","High CO2","Received input",7.21333333333333,NA,22.2333333333333,NA,0,887,NA,1862.47038235579,"Experiment 1","Not fertilized","High CO2 Not fertilized Experiment 1","Experiment 1","2 Experiment 1"
"39",2012-07-29,"3","Ambient CO2","Received input",7.61333333333333,NA,21.9333333333333,NA,0,192,NA,398.615381478372,"Experiment 1","Not fertilized","Ambient CO2 Not fertilized Experiment 1","Experiment 1","3 Experiment 1"
"40",2012-07-29,"4","High CO2","Did not receive input",7.28,NA,22.3666666666667,NA,0,877,NA,1852.55626257195,"Experiment 1","Not fertilized","High CO2 Not fertilized Experiment 1","Experiment 1","4 Experiment 1"
"41",2012-07-29,"5","Ambient CO2","Received input",7.63333333333333,NA,21.9333333333333,NA,0,218,NA,452.686087784574,"Experiment 1","Not fertilized","Ambient CO2 Not fertilized Experiment 1","Experiment 1","5 Experiment 1"
"42",2012-07-29,"6","High CO2","Did not receive input",7.29666666666667,NA,22.3666666666667,NA,0,1111,NA,2340.14570498074,"Experiment 1","Not fertilized","High CO2 Not fertilized Experiment 1","Experiment 1","6 Experiment 1"
"43",2012-07-29,"7","Ambient CO2","Did not receive input",7.93,NA,22.3333333333333,NA,0,133.5,NA,280.596219730742,"Experiment 1","Not fertilized","Ambient CO2 Not fertilized Experiment 1","Experiment 1","7 Experiment 1"
"44",2012-07-29,"8","High CO2","Received input",7.56,NA,22.1666666666667,NA,0,589.5,NA,1227.57122451514,"Experiment 1","Not fertilized","High CO2 Not fertilized Experiment 1","Experiment 1","8 Experiment 1"
"45",2012-07-29,"lake","Lake","Lake",8.69166666666667,NA,22.7333333333333,NA,0,70.75,NA,148.546144518358,"Experiment 1","Not fertilized","Lake Not fertilized Experiment 1","Experiment 1","lake Experiment 1"
"46",2012-07-31,"1","Ambient CO2","Did not receive input",7.94666666666667,85.6333333333333,22.7333333333333,NA,0,306.5,NA,644.658172636668,"Experiment 1","Not fertilized","Ambient CO2 Not fertilized Experiment 1","Experiment 1","1 Experiment 1"
"47",2012-07-31,"2","High CO2","Received input",7.57666666666667,85.6333333333333,22.3666666666667,NA,0,776.5,NA,1616.13686007926,"Experiment 1","Not fertilized","High CO2 Not fertilized Experiment 1","Experiment 1","2 Experiment 1"
"48",2012-07-31,"3","Ambient CO2","Received input",7.90666666666667,85.9,22.2,NA,0,185.5,NA,382.879511895907,"Experiment 1","Not fertilized","Ambient CO2 Not fertilized Experiment 1","Experiment 1","3 Experiment 1"
"49",2012-07-31,"4","High CO2","Did not receive input",7.5,86.7,23.0333333333333,NA,0,792.5,NA,1695.30612727229,"Experiment 1","Not fertilized","High CO2 Not fertilized Experiment 1","Experiment 1","4 Experiment 1"
"50",2012-07-31,"5","Ambient CO2","Received input",7.88,86.1666666666667,22.7,NA,0,243,NA,510.284083434414,"Experiment 1","Not fertilized","Ambient CO2 Not fertilized Experiment 1","Experiment 1","5 Experiment 1"
"51",2012-07-31,"6","High CO2","Did not receive input",7.47,85.6,22.3333333333333,NA,0,1185.5,NA,2489.57887162192,"Experiment 1","Not fertilized","High CO2 Not fertilized Experiment 1","Experiment 1","6 Experiment 1"
"52",2012-07-31,"7","Ambient CO2","Did not receive input",7.94333333333333,85.7666666666667,22.7666666666667,NA,0,168,NA,354.940140257742,"Experiment 1","Not fertilized","Ambient CO2 Not fertilized Experiment 1","Experiment 1","7 Experiment 1"
"53",2012-07-31,"8","High CO2","Received input",7.79333333333333,85.5,22.8,NA,0,488.5,NA,1017.15181671493,"Experiment 1","Not fertilized","High CO2 Not fertilized Experiment 1","Experiment 1","8 Experiment 1"
"54",2012-07-31,"lake","Lake","Lake",8.82,86.3,22.6,NA,0,99.25,NA,204.956806282405,"Experiment 1","Not fertilized","Lake Not fertilized Experiment 1","Experiment 1","lake Experiment 1"
"55",2012-08-02,"1","Ambient CO2","Did not receive input",7.766,85.4,23.48,NA,0,342,NA,725.944641616448,"Experiment 1","Not fertilized","Ambient CO2 Not fertilized Experiment 1","Experiment 1","1 Experiment 1"
"56",2012-08-02,"2","High CO2","Received input",7.40833333333333,85.6333333333333,23.0833333333333,NA,0,1170.25,NA,2485.46753127752,"Experiment 1","Not fertilized","High CO2 Not fertilized Experiment 1","Experiment 1","2 Experiment 1"
"57",2012-08-02,"3","Ambient CO2","Received input",8.03166666666667,86.4666666666667,22.4833333333333,NA,0,213.5,NA,448.397095189569,"Experiment 1","Not fertilized","Ambient CO2 Not fertilized Experiment 1","Experiment 1","3 Experiment 1"
"58",2012-08-02,"4","High CO2","Did not receive input",7.26666666666667,86.8,23.4833333333333,NA,0,1157.5,NA,2476.74167262937,"Experiment 1","Not fertilized","High CO2 Not fertilized Experiment 1","Experiment 1","4 Experiment 1"
"59",2012-08-02,"5","Ambient CO2","Received input",7.96,86.0666666666667,23.5333333333333,NA,0,173.25,NA,367.490484004578,"Experiment 1","Not fertilized","Ambient CO2 Not fertilized Experiment 1","Experiment 1","5 Experiment 1"
"60",2012-08-02,"6","High CO2","Did not receive input",7.295,86,23.5666666666667,NA,0,1647,NA,3534.00315987331,"Experiment 1","Not fertilized","High CO2 Not fertilized Experiment 1","Experiment 1","6 Experiment 1"
"61",2012-08-02,"7","Ambient CO2","Did not receive input",7.96333333333333,85.9666666666667,23.9333333333333,NA,0,196.5,NA,423.514382527228,"Experiment 1","Not fertilized","Ambient CO2 Not fertilized Experiment 1","Experiment 1","7 Experiment 1"
"62",2012-08-02,"8","High CO2","Received input",7.39833333333333,85.6666666666667,23.95,NA,0,1367.5,NA,2954.68282592359,"Experiment 1","Not fertilized","High CO2 Not fertilized Experiment 1","Experiment 1","8 Experiment 1"
"63",2012-08-02,"lake","Lake","Lake",8.83333333333333,87.2833333333333,23.6666666666667,NA,0,81.125,NA,169.971122711283,"Experiment 1","Not fertilized","Lake Not fertilized Experiment 1","Experiment 1","lake Experiment 1"
"64",2012-08-04,"1","Ambient CO2","Did not receive input",8.25,85.8,25.4,NA,0,238,NA,526.286106181133,"Experiment 1","Not fertilized","Ambient CO2 Not fertilized Experiment 1","Experiment 1","1 Experiment 1"
"65",2012-09-04,"1","High CO2","Received input",8.29,59.6,21.2,NA,0,250,380,523.585569431175,"Experiment 2","Not fertilized","High CO2 Not fertilized Experiment 2 before fertilization","Experiment 2 before fertilization","1 Experiment 2 before fertilization"
"66",2012-09-04,"2","Ambient CO2","Did not receive input",8.62,59.7,21.2,NA,0,63,380,131.943563496656,"Experiment 2","Not fertilized","Ambient CO2 Not fertilized Experiment 2 before fertilization","Experiment 2 before fertilization","2 Experiment 2 before fertilization"
"67",2012-09-04,"3","High CO2","Did not receive input",8.24,59.8,21.2,NA,0,664,380,1390.6432724092,"Experiment 2","Not fertilized","High CO2 Not fertilized Experiment 2 before fertilization","Experiment 2 before fertilization","3 Experiment 2 before fertilization"
"68",2012-09-04,"4","Ambient CO2","Received input",8.86,59.8,21.3,NA,0,59,380,123.728352792324,"Experiment 2","Not fertilized","Ambient CO2 Not fertilized Experiment 2 before fertilization","Experiment 2 before fertilization","4 Experiment 2 before fertilization"
"69",2012-09-04,"5","Ambient CO2","Received input",8.9,59.6,21.3,NA,0,60,380,125.825443517617,"Experiment 2","Not fertilized","Ambient CO2 Not fertilized Experiment 2 before fertilization","Experiment 2 before fertilization","5 Experiment 2 before fertilization"
"70",2012-09-04,"6","High CO2","Did not receive input",8.07,59.8,21.2,NA,0,720,380,1507.92643996179,"Experiment 2","Not fertilized","High CO2 Not fertilized Experiment 2 before fertilization","Experiment 2 before fertilization","6 Experiment 2 before fertilization"
"71",2012-09-04,"7","Ambient CO2","Did not receive input",8.87,59.5,21.3,NA,0,59,380,123.728352792324,"Experiment 2","Not fertilized","Ambient CO2 Not fertilized Experiment 2 before fertilization","Experiment 2 before fertilization","7 Experiment 2 before fertilization"
"72",2012-09-04,"8","High CO2","Received input",8.18,59.9,21.2,NA,0,455,380,952.925736364739,"Experiment 2","Not fertilized","High CO2 Not fertilized Experiment 2 before fertilization","Experiment 2 before fertilization","8 Experiment 2 before fertilization"
"73",2012-09-04,"9","High CO2","Did not receive input",8.54,58.5,21.2,NA,0,122,380,255.509757882414,"Experiment 2","Not fertilized","High CO2 Not fertilized Experiment 2 before fertilization","Experiment 2 before fertilization","9 Experiment 2 before fertilization"
"74",2012-09-04,"10","Ambient CO2","Received input",9.01,59.8,21.3,NA,0,49,380,102.757445539387,"Experiment 2","Not fertilized","Ambient CO2 Not fertilized Experiment 2 before fertilization","Experiment 2 before fertilization","10 Experiment 2 before fertilization"
"75",2012-09-04,"11","High CO2","Received input",8.43,60,21.2,NA,0,206,380,431.434509211288,"Experiment 2","Not fertilized","High CO2 Not fertilized Experiment 2 before fertilization","Experiment 2 before fertilization","11 Experiment 2 before fertilization"
"76",2012-09-04,"12","Ambient CO2","Did not receive input",8.86,59.6,21.3,NA,0,82,380,171.961439474077,"Experiment 2","Not fertilized","Ambient CO2 Not fertilized Experiment 2 before fertilization","Experiment 2 before fertilization","12 Experiment 2 before fertilization"
"77",2012-09-04,"13","High CO2","Did not receive input",8.66,59.9,21.2,NA,0,128,380,268.075811548762,"Experiment 2","Not fertilized","High CO2 Not fertilized Experiment 2 before fertilization","Experiment 2 before fertilization","13 Experiment 2 before fertilization"
"78",2012-09-04,"14","Ambient CO2","Received input",8.9,59.8,21.3,NA,0,54,380,113.242899165856,"Experiment 2","Not fertilized","Ambient CO2 Not fertilized Experiment 2 before fertilization","Experiment 2 before fertilization","14 Experiment 2 before fertilization"
"79",2012-09-04,"15","High CO2","Received input",8.66,60,21.3,NA,0,223,380,467.651231740477,"Experiment 2","Not fertilized","High CO2 Not fertilized Experiment 2 before fertilization","Experiment 2 before fertilization","15 Experiment 2 before fertilization"
"80",2012-09-04,"16","Ambient CO2","Did not receive input",8.94,59.8,21.2,NA,0,61,380,127.754878941207,"Experiment 2","Not fertilized","Ambient CO2 Not fertilized Experiment 2 before fertilization","Experiment 2 before fertilization","16 Experiment 2 before fertilization"
"81",2012-09-04,"lake","Lake","Did not receive input",9.16,59.8,21.1,NA,0,101,380,211.251174240757,"Experiment 2","Not fertilized","Lake Not fertilized Experiment 2 before fertilization","Experiment 2 before fertilization","lake Experiment 2 before fertilization"
"82",2012-09-04,"lake","Lake","Did not receive input",9.17,59.9,21.3,NA,0,98,380,205.514891078775,"Experiment 2","Not fertilized","Lake Not fertilized Experiment 2 before fertilization","Experiment 2 before fertilization","lake Experiment 2 before fertilization"
"83",2012-09-04,"lake","Lake","Did not receive input",9.19,60.1,22.1,NA,0,102,380,216.152993811996,"Experiment 2","Not fertilized","Lake Not fertilized Experiment 2 before fertilization","Experiment 2 before fertilization","lake Experiment 2 before fertilization"
"84",2012-09-04,"lake","Lake","Did not receive input",9.17,60.6,21.3,NA,0,99,380,207.611981804068,"Experiment 2","Not fertilized","Lake Not fertilized Experiment 2 before fertilization","Experiment 2 before fertilization","lake Experiment 2 before fertilization"
"85",2012-09-05,"1","High CO2","Received input",7.92,NA,21.6,NA,0,743,NA,1564.27330831658,"Experiment 2","Not fertilized","High CO2 Not fertilized Experiment 2 before fertilization","Experiment 2 before fertilization","1 Experiment 2 before fertilization"
"86",2012-09-05,"2","Ambient CO2","Did not receive input",8.45,NA,21.6,NA,0,117,NA,246.325675737604,"Experiment 2","Not fertilized","Ambient CO2 Not fertilized Experiment 2 before fertilization","Experiment 2 before fertilization","2 Experiment 2 before fertilization"
"87",2012-09-05,"3","High CO2","Did not receive input",7.99,NA,21.7,NA,0,1350,NA,2845.94010622636,"Experiment 2","Not fertilized","High CO2 Not fertilized Experiment 2 before fertilization","Experiment 2 before fertilization","3 Experiment 2 before fertilization"
"88",2012-09-05,"4","Ambient CO2","Received input",8.28,NA,21.6,NA,0,207,NA,435.806964766531,"Experiment 2","Not fertilized","Ambient CO2 Not fertilized Experiment 2 before fertilization","Experiment 2 before fertilization","4 Experiment 2 before fertilization"
"89",2012-09-05,"5","Ambient CO2","Received input",8.66,NA,21.7,NA,0,60,NA,126.486226943394,"Experiment 2","Not fertilized","Ambient CO2 Not fertilized Experiment 2 before fertilization","Experiment 2 before fertilization","5 Experiment 2 before fertilization"
"90",2012-09-05,"6","High CO2","Did not receive input",7.7,NA,21.7,NA,0,1450,NA,3056.75048446534,"Experiment 2","Not fertilized","High CO2 Not fertilized Experiment 2 before fertilization","Experiment 2 before fertilization","6 Experiment 2 before fertilization"
"91",2012-09-05,"7","Ambient CO2","Did not receive input",8.51,NA,21.7,NA,0,103,NA,217.134689586159,"Experiment 2","Not fertilized","Ambient CO2 Not fertilized Experiment 2 before fertilization","Experiment 2 before fertilization","7 Experiment 2 before fertilization"
"92",2012-09-05,"8","High CO2","Received input",7.67,NA,21.7,NA,0,1466,NA,3090.48014498358,"Experiment 2","Not fertilized","High CO2 Not fertilized Experiment 2 before fertilization","Experiment 2 before fertilization","8 Experiment 2 before fertilization"
"93",2012-09-05,"9","High CO2","Did not receive input",7.76,NA,21.7,NA,0,855,NA,1802.42873394336,"Experiment 2","Not fertilized","High CO2 Not fertilized Experiment 2 before fertilization","Experiment 2 before fertilization","9 Experiment 2 before fertilization"
"94",2012-09-05,"10","Ambient CO2","Received input",8.41,NA,21.7,NA,0,109,NA,229.783312280498,"Experiment 2","Not fertilized","Ambient CO2 Not fertilized Experiment 2 before fertilization","Experiment 2 before fertilization","10 Experiment 2 before fertilization"
"95",2012-09-05,"11","High CO2","Received input",7.86,NA,21.7,NA,0,871,NA,1836.1583944616,"Experiment 2","Not fertilized","High CO2 Not fertilized Experiment 2 before fertilization","Experiment 2 before fertilization","11 Experiment 2 before fertilization"
"96",2012-09-05,"12","Ambient CO2","Did not receive input",8.52,NA,21.6,NA,0,103,NA,216.850808555327,"Experiment 2","Not fertilized","Ambient CO2 Not fertilized Experiment 2 before fertilization","Experiment 2 before fertilization","12 Experiment 2 before fertilization"
"97",2012-09-05,"13","High CO2","Did not receive input",7.94,NA,21.6,NA,0,833,NA,1753.75459734551,"Experiment 2","Not fertilized","High CO2 Not fertilized Experiment 2 before fertilization","Experiment 2 before fertilization","13 Experiment 2 before fertilization"
"98",2012-09-05,"14","Ambient CO2","Received input",8.5,NA,21.6,NA,0,126,NA,265.273804640497,"Experiment 2","Not fertilized","Ambient CO2 Not fertilized Experiment 2 before fertilization","Experiment 2 before fertilization","14 Experiment 2 before fertilization"
"99",2012-09-05,"15","High CO2","Received input",8.1,NA,21.6,NA,0,540,NA,1136.88773417356,"Experiment 2","Not fertilized","High CO2 Not fertilized Experiment 2 before fertilization","Experiment 2 before fertilization","15 Experiment 2 before fertilization"
"100",2012-09-05,"16","Ambient CO2","Did not receive input",8.66,NA,21.7,NA,0,98,NA,206.594170674209,"Experiment 2","Not fertilized","Ambient CO2 Not fertilized Experiment 2 before fertilization","Experiment 2 before fertilization","16 Experiment 2 before fertilization"
"101",2012-09-05,"lake","Lake","Did not receive input",9.14,NA,21.6,NA,0,35,NA,73.6871679556936,"Experiment 2","Not fertilized","Lake Not fertilized Experiment 2 before fertilization","Experiment 2 before fertilization","lake Experiment 2 before fertilization"
"102",2012-09-05,"lake","Lake","Did not receive input",9.15,NA,21.2,NA,0,18,NA,37.6981609990446,"Experiment 2","Not fertilized","Lake Not fertilized Experiment 2 before fertilization","Experiment 2 before fertilization","lake Experiment 2 before fertilization"
"103",2012-09-05,"lake","Lake","Did not receive input",9.14,NA,21.2,NA,0,30,NA,62.830268331741,"Experiment 2","Not fertilized","Lake Not fertilized Experiment 2 before fertilization","Experiment 2 before fertilization","lake Experiment 2 before fertilization"
"104",2012-09-05,"lake","Lake","Did not receive input",9.14,NA,21.2,NA,0,26,NA,54.4528992208422,"Experiment 2","Not fertilized","Lake Not fertilized Experiment 2 before fertilization","Experiment 2 before fertilization","lake Experiment 2 before fertilization"
"105",2012-09-06,"1","High CO2","Received input",7.86,NA,22,NA,0,805,NA,1703.68864966304,"Experiment 2","Not fertilized","High CO2 Not fertilized Experiment 2 before fertilization","Experiment 2 before fertilization","1 Experiment 2 before fertilization"
"106",2012-09-06,"2","Ambient CO2","Did not receive input",8.44,NA,22,NA,0,264,NA,558.725221752848,"Experiment 2","Not fertilized","Ambient CO2 Not fertilized Experiment 2 before fertilization","Experiment 2 before fertilization","2 Experiment 2 before fertilization"
"107",2012-09-06,"3","High CO2","Did not receive input",7.78,NA,22.1,NA,0,1511,NA,3202.03111421495,"Experiment 2","Not fertilized","High CO2 Not fertilized Experiment 2 before fertilization","Experiment 2 before fertilization","3 Experiment 2 before fertilization"
"108",2012-09-06,"4","Ambient CO2","Received input",8.2,NA,22.1,NA,0,361,NA,765.012066334612,"Experiment 2","Not fertilized","Ambient CO2 Not fertilized Experiment 2 before fertilization","Experiment 2 before fertilization","4 Experiment 2 before fertilization"
"109",2012-09-06,"5","Ambient CO2","Received input",8.61,NA,22.1,NA,0,102,NA,216.152993811996,"Experiment 2","Not fertilized","Ambient CO2 Not fertilized Experiment 2 before fertilization","Experiment 2 before fertilization","5 Experiment 2 before fertilization"
"110",2012-09-06,"6","High CO2","Did not receive input",7.75,NA,22.1,NA,0,1414,NA,2996.47385539374,"Experiment 2","Not fertilized","High CO2 Not fertilized Experiment 2 before fertilization","Experiment 2 before fertilization","6 Experiment 2 before fertilization"
"111",2012-09-06,"7","Ambient CO2","Did not receive input",8.43,NA,22.1,NA,0,147,NA,311.514608729053,"Experiment 2","Not fertilized","Ambient CO2 Not fertilized Experiment 2 before fertilization","Experiment 2 before fertilization","7 Experiment 2 before fertilization"
"112",2012-09-06,"8","High CO2","Received input",7.68,NA,22,NA,0,1373,NA,2905.79442979796,"Experiment 2","Not fertilized","High CO2 Not fertilized Experiment 2 before fertilization","Experiment 2 before fertilization","8 Experiment 2 before fertilization"
"113",2012-09-06,"9","High CO2","Did not receive input",7.75,NA,21.3,NA,0,1021,NA,2141.12963052479,"Experiment 2","Not fertilized","High CO2 Not fertilized Experiment 2 before fertilization","Experiment 2 before fertilization","9 Experiment 2 before fertilization"
"114",2012-09-06,"10","Ambient CO2","Received input",8.21,NA,22,NA,0,235,NA,497.350102696664,"Experiment 2","Not fertilized","Ambient CO2 Not fertilized Experiment 2 before fertilization","Experiment 2 before fertilization","10 Experiment 2 before fertilization"
"115",2012-09-06,"11","High CO2","Received input",7.83,NA,22.2,NA,0,969,NA,2056.1331248423,"Experiment 2","Not fertilized","High CO2 Not fertilized Experiment 2 before fertilization","Experiment 2 before fertilization","11 Experiment 2 before fertilization"
"116",2012-09-06,"12","Ambient CO2","Did not receive input",8.39,NA,22.1,NA,0,164,NA,347.540107697718,"Experiment 2","Not fertilized","Ambient CO2 Not fertilized Experiment 2 before fertilization","Experiment 2 before fertilization","12 Experiment 2 before fertilization"
"117",2012-09-06,"13","High CO2","Did not receive input",7.85,NA,22.2,NA,0,966,NA,2049.76738761368,"Experiment 2","Not fertilized","High CO2 Not fertilized Experiment 2 before fertilization","Experiment 2 before fertilization","13 Experiment 2 before fertilization"
"118",2012-09-06,"14","Ambient CO2","Received input",8.4,NA,22.2,NA,0,200,NA,424.382481907595,"Experiment 2","Not fertilized","Ambient CO2 Not fertilized Experiment 2 before fertilization","Experiment 2 before fertilization","14 Experiment 2 before fertilization"
"119",2012-09-06,"15","High CO2","Received input",7.74,NA,22.2,NA,0,1315,NA,2790.31481854244,"Experiment 2","Not fertilized","High CO2 Not fertilized Experiment 2 before fertilization","Experiment 2 before fertilization","15 Experiment 2 before fertilization"
"120",2012-09-06,"16","Ambient CO2","Did not receive input",8.45,NA,22.2,NA,0,172,NA,364.968934440532,"Experiment 2","Not fertilized","Ambient CO2 Not fertilized Experiment 2 before fertilization","Experiment 2 before fertilization","16 Experiment 2 before fertilization"
"121",2012-09-06,"lake","Lake","Did not receive input",9.02,NA,21.7,NA,0,110,NA,231.891416062888,"Experiment 2","Not fertilized","Lake Not fertilized Experiment 2 before fertilization","Experiment 2 before fertilization","lake Experiment 2 before fertilization"
"122",2012-09-06,"lake","Lake","Did not receive input",9.04,NA,21.7,NA,0,29,NA,61.1350096893069,"Experiment 2","Not fertilized","Lake Not fertilized Experiment 2 before fertilization","Experiment 2 before fertilization","lake Experiment 2 before fertilization"
"123",2012-09-06,"lake","Lake","Did not receive input",9.06,NA,21.7,NA,0,33,NA,69.5674248188665,"Experiment 2","Not fertilized","Lake Not fertilized Experiment 2 before fertilization","Experiment 2 before fertilization","lake Experiment 2 before fertilization"
"124",2012-09-06,"lake","Lake","Did not receive input",9.06,NA,21.7,NA,0,27,NA,56.9188021245271,"Experiment 2","Not fertilized","Lake Not fertilized Experiment 2 before fertilization","Experiment 2 before fertilization","lake Experiment 2 before fertilization"
"125",2012-09-10,"1","High CO2","Received input",7.59,58.8,20.5,NA,0,1457,382,3023.50613889352,"Experiment 2","Not fertilized","High CO2 Not fertilized Experiment 2 before fertilization","Experiment 2 before fertilization","1 Experiment 2 before fertilization"
"126",2012-09-10,"2","Ambient CO2","Did not receive input",8.14,58.6,20.5,NA,0,260,382,539.541246473792,"Experiment 2","Not fertilized","Ambient CO2 Not fertilized Experiment 2 before fertilization","Experiment 2 before fertilization","2 Experiment 2 before fertilization"
"127",2012-09-10,"3","High CO2","Did not receive input",7.6,58.8,20.6,NA,0,1568,382,3258.13640849643,"Experiment 2","Not fertilized","High CO2 Not fertilized Experiment 2 before fertilization","Experiment 2 before fertilization","3 Experiment 2 before fertilization"
"128",2012-09-10,"4","Ambient CO2","Received input",8.24,58.8,20.5,NA,0,238,382,493.887756387548,"Experiment 2","Not fertilized","Ambient CO2 Not fertilized Experiment 2 before fertilization","Experiment 2 before fertilization","4 Experiment 2 before fertilization"
"129",2012-09-10,"5","Ambient CO2","Received input",8.31,59.2,20.6,NA,0,223,382,463.370165238969,"Experiment 2","Not fertilized","Ambient CO2 Not fertilized Experiment 2 before fertilization","Experiment 2 before fertilization","5 Experiment 2 before fertilization"
"130",2012-09-10,"6","High CO2","Did not receive input",7.64,59,20.6,NA,0,1471,382,3056.58077608307,"Experiment 2","Not fertilized","High CO2 Not fertilized Experiment 2 before fertilization","Experiment 2 before fertilization","6 Experiment 2 before fertilization"
"131",2012-09-10,"7","Ambient CO2","Did not receive input",8.21,58.8,20.6,NA,0,246,382,511.161706945231,"Experiment 2","Not fertilized","Ambient CO2 Not fertilized Experiment 2 before fertilization","Experiment 2 before fertilization","7 Experiment 2 before fertilization"
"132",2012-09-10,"8","High CO2","Received input",7.39,59,20.6,NA,0,1563,382,3247.74694290811,"Experiment 2","Not fertilized","High CO2 Not fertilized Experiment 2 before fertilization","Experiment 2 before fertilization","8 Experiment 2 before fertilization"
"133",2012-09-10,"9","High CO2","Did not receive input",7.67,58.8,20.7,NA,0,1556,382,3237.45970738452,"Experiment 2","Not fertilized","High CO2 Not fertilized Experiment 2 before fertilization","Experiment 2 before fertilization","9 Experiment 2 before fertilization"
"134",2012-09-10,"10","Ambient CO2","Received input",8.22,61.1,20.6,NA,0,238,382,494.538562003923,"Experiment 2","Not fertilized","Ambient CO2 Not fertilized Experiment 2 before fertilization","Experiment 2 before fertilization","10 Experiment 2 before fertilization"
"135",2012-09-10,"11","High CO2","Received input",7.71,73.6,20.5,NA,0,1078,382,2237.02101422595,"Experiment 2","Not fertilized","High CO2 Not fertilized Experiment 2 before fertilization","Experiment 2 before fertilization","11 Experiment 2 before fertilization"
"136",2012-09-10,"12","Ambient CO2","Did not receive input",8.3,58.7,20.6,NA,0,234,382,486.226989533268,"Experiment 2","Not fertilized","Ambient CO2 Not fertilized Experiment 2 before fertilization","Experiment 2 before fertilization","12 Experiment 2 before fertilization"
"137",2012-09-10,"13","High CO2","Did not receive input",7.58,58.6,20.6,NA,0,1552,382,3224.89011861381,"Experiment 2","Not fertilized","High CO2 Not fertilized Experiment 2 before fertilization","Experiment 2 before fertilization","13 Experiment 2 before fertilization"
"138",2012-09-10,"14","Ambient CO2","Received input",8.15,58.8,20.5,NA,0,222,382,460.685218143007,"Experiment 2","Not fertilized","Ambient CO2 Not fertilized Experiment 2 before fertilization","Experiment 2 before fertilization","14 Experiment 2 before fertilization"
"139",2012-09-10,"15","High CO2","Received input",7.63,59.9,20.6,NA,0,1422,382,2954.76401331755,"Experiment 2","Not fertilized","High CO2 Not fertilized Experiment 2 before fertilization","Experiment 2 before fertilization","15 Experiment 2 before fertilization"
"140",2012-09-10,"16","Ambient CO2","Did not receive input",8.2,58.6,20.6,NA,0,278,382,577.654286710464,"Experiment 2","Not fertilized","Ambient CO2 Not fertilized Experiment 2 before fertilization","Experiment 2 before fertilization","16 Experiment 2 before fertilization"
"141",2012-09-10,"lake","Lake","Did not receive input",8.66,58.9,20.6,NA,0,94,382,195.321953060373,"Experiment 2","Not fertilized","Lake Not fertilized Experiment 2 before fertilization","Experiment 2 before fertilization","lake Experiment 2 before fertilization"
"142",2012-09-10,"lake","Lake","Did not receive input",8.72,59,20.2,NA,0,95,382,196.361918810292,"Experiment 2","Not fertilized","Lake Not fertilized Experiment 2 before fertilization","Experiment 2 before fertilization","lake Experiment 2 before fertilization"
"143",2012-09-10,"lake","Lake","Did not receive input",8.7,58.9,20.6,NA,0,96,382,199.4777392957,"Experiment 2","Not fertilized","Lake Not fertilized Experiment 2 before fertilization","Experiment 2 before fertilization","lake Experiment 2 before fertilization"
"144",2012-09-10,"lake","Lake","Did not receive input",8.7,58,20.1,NA,0,103,382,212.616861448994,"Experiment 2","Not fertilized","Lake Not fertilized Experiment 2 before fertilization","Experiment 2 before fertilization","lake Experiment 2 before fertilization"
"145",2012-09-13,"1","High CO2","Received input",7.68,58.9,20.1,NA,0,1478,397,3050.9487497244,"Experiment 2","Not fertilized","High CO2 Not fertilized Experiment 2 before fertilization","Experiment 2 before fertilization","1 Experiment 2 before fertilization"
"146",2012-09-13,"2","Ambient CO2","Did not receive input",8.2,58.1,20.1,NA,0,283,397,584.180308641411,"Experiment 2","Not fertilized","Ambient CO2 Not fertilized Experiment 2 before fertilization","Experiment 2 before fertilization","2 Experiment 2 before fertilization"
"147",2012-09-13,"3","High CO2","Did not receive input",7.67,58.7,20.1,NA,0,1518,397,3133.51840465605,"Experiment 2","Not fertilized","High CO2 Not fertilized Experiment 2 before fertilization","Experiment 2 before fertilization","3 Experiment 2 before fertilization"
"148",2012-09-13,"4","Ambient CO2","Received input",8.14,58.6,20.1,NA,0,286,397,590.373032761285,"Experiment 2","Not fertilized","Ambient CO2 Not fertilized Experiment 2 before fertilization","Experiment 2 before fertilization","4 Experiment 2 before fertilization"
"149",2012-09-13,"5","Ambient CO2","Received input",8.27,58.7,20.1,NA,0,261,397,538.766998429005,"Experiment 2","Not fertilized","Ambient CO2 Not fertilized Experiment 2 before fertilization","Experiment 2 before fertilization","5 Experiment 2 before fertilization"
"150",2012-09-13,"6","High CO2","Did not receive input",7.68,59,20.1,NA,0,1512,397,3121.1329564163,"Experiment 2","Not fertilized","High CO2 Not fertilized Experiment 2 before fertilization","Experiment 2 before fertilization","6 Experiment 2 before fertilization"
"151",2012-09-13,"7","Ambient CO2","Did not receive input",8.16,58.5,20.1,NA,0,273,397,563.537894908499,"Experiment 2","Not fertilized","Ambient CO2 Not fertilized Experiment 2 before fertilization","Experiment 2 before fertilization","7 Experiment 2 before fertilization"
"152",2012-09-13,"8","High CO2","Received input",7.67,59,20.1,NA,0,1470,397,3034.43481873807,"Experiment 2","Not fertilized","High CO2 Not fertilized Experiment 2 before fertilization","Experiment 2 before fertilization","8 Experiment 2 before fertilization"
"153",2012-09-13,"9","High CO2","Did not receive input",7.6,58.7,20.1,NA,0,1701,397,3511.27457596834,"Experiment 2","Not fertilized","High CO2 Not fertilized Experiment 2 before fertilization","Experiment 2 before fertilization","9 Experiment 2 before fertilization"
"154",2012-09-13,"10","Ambient CO2","Received input",8.17,58.5,20.1,NA,0,291,397,600.694239627741,"Experiment 2","Not fertilized","Ambient CO2 Not fertilized Experiment 2 before fertilization","Experiment 2 before fertilization","10 Experiment 2 before fertilization"
"155",2012-09-13,"11","High CO2","Received input",7.8,58.9,20,NA,0,1134,397,2337.76060141716,"Experiment 2","Not fertilized","High CO2 Not fertilized Experiment 2 before fertilization","Experiment 2 before fertilization","11 Experiment 2 before fertilization"
"156",2012-09-13,"12","Ambient CO2","Did not receive input",7.18,58.6,20.1,NA,0,283,397,584.180308641411,"Experiment 2","Not fertilized","Ambient CO2 Not fertilized Experiment 2 before fertilization","Experiment 2 before fertilization","12 Experiment 2 before fertilization"
"157",2012-09-13,"13","High CO2","Did not receive input",7.59,59,20,NA,0,1748,397,3603.53221453015,"Experiment 2","Not fertilized","High CO2 Not fertilized Experiment 2 before fertilization","Experiment 2 before fertilization","13 Experiment 2 before fertilization"
"158",2012-09-13,"14","Ambient CO2","Received input",8.12,58.6,20.1,NA,0,242,397,499.546412336472,"Experiment 2","Not fertilized","Ambient CO2 Not fertilized Experiment 2 before fertilization","Experiment 2 before fertilization","14 Experiment 2 before fertilization"
"159",2012-09-13,"15","High CO2","Received input",7.72,59.1,20,NA,0,1347,397,2776.86378316483,"Experiment 2","Not fertilized","High CO2 Not fertilized Experiment 2 before fertilization","Experiment 2 before fertilization","15 Experiment 2 before fertilization"
"160",2012-09-13,"16","Ambient CO2","Did not receive input",8.17,58.6,20.1,NA,0,278,397,573.859101774955,"Experiment 2","Not fertilized","Ambient CO2 Not fertilized Experiment 2 before fertilization","Experiment 2 before fertilization","16 Experiment 2 before fertilization"
"161",2012-09-13,"lake","Lake","Did not receive input",8.88,58.9,20.1,NA,0,46,397,94.9551031713955,"Experiment 2","Not fertilized","Lake Not fertilized Experiment 2 before fertilization","Experiment 2 before fertilization","lake Experiment 2 before fertilization"
"162",2012-09-13,"lake","Lake","Did not receive input",8.9,59.5,20.1,NA,0,73,397,150.689620250258,"Experiment 2","Not fertilized","Lake Not fertilized Experiment 2 before fertilization","Experiment 2 before fertilization","lake Experiment 2 before fertilization"
"163",2012-09-13,"lake","Lake","Did not receive input",8.85,58.2,20,NA,0,109,397,224.705384086834,"Experiment 2","Not fertilized","Lake Not fertilized Experiment 2 before fertilization","Experiment 2 before fertilization","lake Experiment 2 before fertilization"
"164",2012-09-13,"lake","Lake","Did not receive input",8.82,58.3,20,NA,0,68,397,140.183175393621,"Experiment 2","Not fertilized","Lake Not fertilized Experiment 2 before fertilization","Experiment 2 before fertilization","lake Experiment 2 before fertilization"
"165",2012-09-17,"1","High CO2","Received input",7.95,56.5,19.5,NA,0,1175,NA,2406.31644966942,"Experiment 2","Not fertilized","High CO2 Not fertilized Experiment 2 after fertilization","Experiment 2 after fertilization","1 Experiment 2 after fertilization"
"166",2012-09-17,"2","Ambient CO2","Did not receive input",8.21,58.1,19.2,NA,0,230,NA,469.15445566307,"Experiment 2","Not fertilized","Ambient CO2 Not fertilized Experiment 2 after fertilization","Experiment 2 after fertilization","2 Experiment 2 after fertilization"
"167",2012-09-17,"3","High CO2","Did not receive input",7.92,59.2,19.2,NA,0,1142,NA,2329.4538624662,"Experiment 2","Not fertilized","High CO2 Not fertilized Experiment 2 after fertilization","Experiment 2 after fertilization","3 Experiment 2 after fertilization"
"168",2012-09-17,"4","Ambient CO2","Received input",8.2,58.6,19.2,NA,0,225,NA,458.955445757351,"Experiment 2","Not fertilized","Ambient CO2 Not fertilized Experiment 2 after fertilization","Experiment 2 after fertilization","4 Experiment 2 after fertilization"
"169",2012-09-17,"5","Ambient CO2","Received input",8.22,65.2,19.1,NA,0,280,NA,570.387284460407,"Experiment 2","Fertilized","Ambient CO2 Fertilized Experiment 2 after fertilization","Experiment 2 after fertilization","5 Experiment 2 after fertilization"
"170",2012-09-17,"6","High CO2","Did not receive input",7.74,70,19.1,NA,0,1050,NA,2138.95231672653,"Experiment 2","Fertilized","High CO2 Fertilized Experiment 2 after fertilization","Experiment 2 after fertilization","6 Experiment 2 after fertilization"
"171",2012-09-17,"7","Ambient CO2","Did not receive input",8.19,67.8,19.2,NA,0,303,NA,618.060000286566,"Experiment 2","Fertilized","Ambient CO2 Fertilized Experiment 2 after fertilization","Experiment 2 after fertilization","7 Experiment 2 after fertilization"
"172",2012-09-17,"8","High CO2","Received input",7.71,66.7,19.1,NA,0,1320,NA,2688.96862674192,"Experiment 2","Fertilized","High CO2 Fertilized Experiment 2 after fertilization","Experiment 2 after fertilization","8 Experiment 2 after fertilization"
"173",2012-09-17,"9","High CO2","Did not receive input",7.74,58.1,19.2,NA,0,1348,NA,2749.65307058182,"Experiment 2","Not fertilized","High CO2 Not fertilized Experiment 2 after fertilization","Experiment 2 after fertilization","9 Experiment 2 after fertilization"
"174",2012-09-17,"10","Ambient CO2","Received input",8.32,58.5,19,NA,0,271,NA,551.321084859916,"Experiment 2","Not fertilized","Ambient CO2 Not fertilized Experiment 2 after fertilization","Experiment 2 after fertilization","10 Experiment 2 after fertilization"
"175",2012-09-17,"11","High CO2","Received input",7.96,58.6,19.1,NA,0,844,NA,1719.31024315923,"Experiment 2","Not fertilized","High CO2 Not fertilized Experiment 2 after fertilization","Experiment 2 after fertilization","11 Experiment 2 after fertilization"
"176",2012-09-17,"12","Ambient CO2","Did not receive input",8.15,58.2,19.1,NA,0,267,NA,543.905017681888,"Experiment 2","Not fertilized","Ambient CO2 Not fertilized Experiment 2 after fertilization","Experiment 2 after fertilization","12 Experiment 2 after fertilization"
"177",2012-09-17,"13","High CO2","Did not receive input",7.73,72.2,19.1,NA,0,1340,NA,2729.71057563195,"Experiment 2","Fertilized","High CO2 Fertilized Experiment 2 after fertilization","Experiment 2 after fertilization","13 Experiment 2 after fertilization"
"178",2012-09-17,"14","Ambient CO2","Received input",8.2,90,19,NA,0,260,NA,528.942738241986,"Experiment 2","Fertilized","Ambient CO2 Fertilized Experiment 2 after fertilization","Experiment 2 after fertilization","14 Experiment 2 after fertilization"
"179",2012-09-17,"15","High CO2","Received input",7.73,69,19.1,NA,0,1080,NA,2200.06524006157,"Experiment 2","Fertilized","High CO2 Fertilized Experiment 2 after fertilization","Experiment 2 after fertilization","15 Experiment 2 after fertilization"
"180",2012-09-17,"16","Ambient CO2","Did not receive input",8.53,59,19.4,NA,0,142,NA,290.420916083447,"Experiment 2","Fertilized","Ambient CO2 Fertilized Experiment 2 after fertilization","Experiment 2 after fertilization","16 Experiment 2 after fertilization"
"181",2012-09-17,"lake","Lake","Did not receive input",8.63,58.5,19.2,NA,0,32,NA,65.2736633966011,"Experiment 2","Lake","Lake Lake Experiment 2 after fertilization","Experiment 2 after fertilization","lake Experiment 2 after fertilization"
"182",2012-09-17,"lake","Lake","Did not receive input",8.65,58.4,19.2,NA,0,35,NA,71.3930693400324,"Experiment 2","Lake","Lake Lake Experiment 2 after fertilization","Experiment 2 after fertilization","lake Experiment 2 after fertilization"
"183",2012-09-17,"lake","Lake","Did not receive input",8.81,58.9,19.5,NA,0,52,NA,106.492302453455,"Experiment 2","Lake","Lake Lake Experiment 2 after fertilization","Experiment 2 after fertilization","lake Experiment 2 after fertilization"
"184",2012-09-17,"lake","Lake","Did not receive input",8.81,58.9,18.3,NA,0,46,NA,92.714972217983,"Experiment 2","Lake","Lake Lake Experiment 2 after fertilization","Experiment 2 after fertilization","lake Experiment 2 after fertilization"
"185",2012-10-02,"1","High CO2","Did not receive input",7.16,214.6,14.7,NA,0.1,1365,399,2621.4804544699,"Experiment 3","Fertilized","High CO2 Fertilized Experiment 3","Experiment 3","1 Experiment 3"
"210",2012-10-02,"2","Ambient CO2","Did not receive input",7.81,84.8,14.7,NA,0,288,410,553.103568415628,"Experiment 3","Not fertilized","Ambient CO2 Not fertilized Experiment 3","Experiment 3","2 Experiment 3"
"310",2012-10-02,"3","High CO2","Did not receive input",7.63,85,14.7,NA,0,792,NA,1521.03481314298,"Experiment 3","Not fertilized","High CO2 Not fertilized Experiment 3","Experiment 3","3 Experiment 3"
"410",2012-10-02,"4","Ambient CO2","Did not receive input",7.24,351.7,14.7,NA,0.1,1303,NA,2502.40954738043,"Experiment 3","Fertilized","Ambient CO2 Fertilized Experiment 3","Experiment 3","4 Experiment 3"
"510",2012-10-02,"5","High CO2","Did not receive input",7.29,259,14.7,NA,0.1,1369,NA,2629.16244847567,"Experiment 3","Fertilized","High CO2 Fertilized Experiment 3","Experiment 3","5 Experiment 3"
"610",2012-10-02,"6","Ambient CO2","Did not receive input",7.87,84.8,14.6,NA,0,334,NA,640.581084178252,"Experiment 3","Not fertilized","Ambient CO2 Not fertilized Experiment 3","Experiment 3","6 Experiment 3"
"710",2012-10-02,"7","High CO2","Did not receive input",7.54,85.1,14.6,NA,0,1131,NA,2169.15331199282,"Experiment 3","Not fertilized","High CO2 Not fertilized Experiment 3","Experiment 3","7 Experiment 3"
"810",2012-10-02,"8","Ambient CO2","Did not receive input",7.42,245.5,14.7,NA,0.1,1007,NA,1933.94199095325,"Experiment 3","Fertilized","Ambient CO2 Fertilized Experiment 3","Experiment 3","8 Experiment 3"
"910",2012-10-02,"9","Ambient CO2","Did not receive input",7.42,310.3,14.7,NA,0.1,857,NA,1645.86721573678,"Experiment 3","Fertilized","Ambient CO2 Fertilized Experiment 3","Experiment 3","9 Experiment 3"
"1010",2012-10-02,"10","High CO2","Did not receive input",7.78,85.3,14.7,NA,0,630,NA,1209.91405590919,"Experiment 3","Not fertilized","High CO2 Not fertilized Experiment 3","Experiment 3","10 Experiment 3"
"1110",2012-10-02,"11","Ambient CO2","Did not receive input",8.09,85.4,14.7,NA,0,281,NA,539.660078905526,"Experiment 3","Not fertilized","Ambient CO2 Not fertilized Experiment 3","Experiment 3","11 Experiment 3"
"1210",2012-10-02,"12","High CO2","Did not receive input",7.37,235.8,14.7,NA,0.1,1374,NA,2638.76494098289,"Experiment 3","Fertilized","High CO2 Fertilized Experiment 3","Experiment 3","12 Experiment 3"
"1310",2012-10-02,"13","Ambient CO2","Did not receive input",7.44,236.7,14.7,NA,0.1,1028,NA,1974.27245948356,"Experiment 3","Fertilized","Ambient CO2 Fertilized Experiment 3","Experiment 3","13 Experiment 3"
"1410",2012-10-02,"14","High CO2","Did not receive input",7.88,85.3,14.7,NA,0,541,NA,1038.98968928075,"Experiment 3","Not fertilized","High CO2 Not fertilized Experiment 3","Experiment 3","14 Experiment 3"
"1510",2012-10-02,"15","Ambient CO2","Did not receive input",8.05,84.9,14.7,NA,0,328,NA,629.923508473354,"Experiment 3","Not fertilized","Ambient CO2 Not fertilized Experiment 3","Experiment 3","15 Experiment 3"
"1610",2012-10-02,"16","High CO2","Did not receive input",7.35,287.9,14.7,NA,0.1,1326,NA,2546.58101291362,"Experiment 3","Fertilized","High CO2 Fertilized Experiment 3","Experiment 3","16 Experiment 3"
"1710",2012-10-02,"lake","Lake","Did not receive input",7.88,86.2,14.8,NA,0,510,NA,980.77710319757,"Experiment 3","Lake","Lake Lake Experiment 3","Experiment 3","lake Experiment 3"
"186",2012-10-02,"lake","Lake","Did not receive input",7.92,86.2,14.8,NA,0,509,NA,978.854010838359,"Experiment 3","Lake","Lake Lake Experiment 3","Experiment 3","lake Experiment 3"
"191",2012-10-03,"1","High CO2","Did not receive input",7.1,214.3,15.2,NA,0.1,1327,NA,2565.74851735444,"Experiment 3","Fertilized","High CO2 Fertilized Experiment 3","Experiment 3","1 Experiment 3"
"201",2012-10-03,"2","Ambient CO2","Did not receive input",8.02,84.5,15,NA,0,270,NA,520.637870447421,"Experiment 3","Not fertilized","Ambient CO2 Not fertilized Experiment 3","Experiment 3","2 Experiment 3"
"211",2012-10-03,"3","High CO2","Did not receive input",7.58,85,14.9,NA,0,878,NA,1690.75494117733,"Experiment 3","Not fertilized","High CO2 Not fertilized Experiment 3","Experiment 3","3 Experiment 3"
"221",2012-10-03,"4","Ambient CO2","Did not receive input",7.38,288.4,14.9,NA,0.1,705,NA,1357.61074433943,"Experiment 3","Fertilized","Ambient CO2 Fertilized Experiment 3","Experiment 3","4 Experiment 3"
"231",2012-10-03,"5","High CO2","Did not receive input",7.3,259,14.9,NA,0.1,1287,NA,2478.36174179411,"Experiment 3","Fertilized","High CO2 Fertilized Experiment 3","Experiment 3","5 Experiment 3"
"241",2012-10-03,"6","Ambient CO2","Did not receive input",8.12,84.6,14.9,NA,0,276,NA,531.490163741393,"Experiment 3","Not fertilized","Ambient CO2 Not fertilized Experiment 3","Experiment 3","6 Experiment 3"
"251",2012-10-03,"7","High CO2","Did not receive input",7.6,84.6,14.9,NA,0,1113,NA,2143.29185595714,"Experiment 3","Not fertilized","High CO2 Not fertilized Experiment 3","Experiment 3","7 Experiment 3"
"261",2012-10-03,"8","Ambient CO2","Did not receive input",7.54,246.9,14.9,NA,0.1,645,NA,1242.06940439565,"Experiment 3","Fertilized","Ambient CO2 Fertilized Experiment 3","Experiment 3","8 Experiment 3"
"271",2012-10-03,"9","Ambient CO2","Did not receive input",7.48,310,14.9,NA,0.1,622,NA,1197.7785574172,"Experiment 3","Fertilized","Ambient CO2 Fertilized Experiment 3","Experiment 3","9 Experiment 3"
"281",2012-10-03,"10","High CO2","Did not receive input",7.73,85.1,14.9,NA,0,742,NA,1428.86123730476,"Experiment 3","Not fertilized","High CO2 Not fertilized Experiment 3","Experiment 3","10 Experiment 3"
"291",2012-10-03,"11","Ambient CO2","Did not receive input",8.11,85.1,14.9,NA,0,231,NA,444.834158783557,"Experiment 3","Not fertilized","Ambient CO2 Not fertilized Experiment 3","Experiment 3","11 Experiment 3"
"301",2012-10-03,"12","High CO2","Did not receive input",7.39,236,14.9,NA,0.1,1235,NA,2378.22591384283,"Experiment 3","Fertilized","High CO2 Fertilized Experiment 3","Experiment 3","12 Experiment 3"
"311",2012-10-03,"13","Ambient CO2","Did not receive input",7.58,237.9,14.9,NA,0.1,603,NA,1161.190466435,"Experiment 3","Fertilized","Ambient CO2 Fertilized Experiment 3","Experiment 3","13 Experiment 3"
"321",2012-10-03,"14","High CO2","Did not receive input",7.65,85.2,14.9,NA,0,971,NA,1869.84401809019,"Experiment 3","Not fertilized","High CO2 Not fertilized Experiment 3","Experiment 3","14 Experiment 3"
"331",2012-10-03,"15","Ambient CO2","Did not receive input",8.09,84.8,14.9,NA,0,243,NA,467.942426772314,"Experiment 3","Not fertilized","Ambient CO2 Not fertilized Experiment 3","Experiment 3","15 Experiment 3"
"341",2012-10-03,"16","High CO2","Did not receive input",7.07,104.3,15.1,NA,0.1,758,NA,1463.61505755205,"Experiment 3","Fertilized","High CO2 Fertilized Experiment 3","Experiment 3","16 Experiment 3"
"351",2012-10-03,"lake","Lake","Did not receive input",7.94,86.2,14.9,NA,0,465,NA,895.445384564304,"Experiment 3","Lake","Lake Lake Experiment 3","Experiment 3","lake Experiment 3"
"361",2012-10-03,"lake","Lake","Did not receive input",7.91,86.1,14.9,NA,0,416,NA,801.086623610216,"Experiment 3","Lake","Lake Lake Experiment 3","Experiment 3","lake Experiment 3"
"371",2012-10-03,"lake","Lake","Did not receive input",7.94,86.2,14.9,NA,0,424,NA,816.49213560272,"Experiment 3","Lake","Lake Lake Experiment 3","Experiment 3","lake Experiment 3"
"381",2012-10-04,"1","High CO2","Did not receive input",6.94,213.8,15.3,NA,0.1,1163,NA,2251.68795192626,"Experiment 3","Fertilized","High CO2 Fertilized Experiment 3","Experiment 3","1 Experiment 3"
"391",2012-10-04,"2","Ambient CO2","Did not receive input",7.96,84.4,15.3,NA,0,281,NA,544.044982365675,"Experiment 3","Not fertilized","Ambient CO2 Not fertilized Experiment 3","Experiment 3","2 Experiment 3"
"401",2012-10-04,"3","High CO2","Did not receive input",7.56,84.8,15.2,NA,0,1040,NA,2010.83531126497,"Experiment 3","Not fertilized","High CO2 Not fertilized Experiment 3","Experiment 3","3 Experiment 3"
"411",2012-10-04,"4","Ambient CO2","Did not receive input",7.48,289.7,15.2,NA,0.1,512,NA,989.949691699677,"Experiment 3","Fertilized","Ambient CO2 Fertilized Experiment 3","Experiment 3","4 Experiment 3"
"421",2012-10-04,"5","High CO2","Did not receive input",7.3,259,15.2,NA,0.1,1369,NA,2646.95532800167,"Experiment 3","Fertilized","High CO2 Fertilized Experiment 3","Experiment 3","5 Experiment 3"
"431",2012-10-04,"6","Ambient CO2","Did not receive input",8.01,84.5,15.2,NA,0,301,NA,581.98214297188,"Experiment 3","Not fertilized","Ambient CO2 Not fertilized Experiment 3","Experiment 3","6 Experiment 3"
"441",2012-10-04,"7","High CO2","Did not receive input",7.53,84.7,15.2,NA,0,1252,NA,2420.73635548437,"Experiment 3","Not fertilized","High CO2 Not fertilized Experiment 3","Experiment 3","7 Experiment 3"
"451",2012-10-04,"8","Ambient CO2","Did not receive input",7.63,247,15.2,NA,0.1,521,NA,1007.35115112408,"Experiment 3","Fertilized","Ambient CO2 Fertilized Experiment 3","Experiment 3","8 Experiment 3"
"461",2012-10-04,"9","Ambient CO2","Did not receive input",7.55,311.6,15.2,NA,0.1,510,NA,986.082700716475,"Experiment 3","Fertilized","Ambient CO2 Fertilized Experiment 3","Experiment 3","9 Experiment 3"
"471",2012-10-04,"10","High CO2","Did not receive input",7.69,85.2,15.2,NA,0,884,NA,1709.21001457522,"Experiment 3","Not fertilized","High CO2 Not fertilized Experiment 3","Experiment 3","10 Experiment 3"
"481",2012-10-04,"11","Ambient CO2","Did not receive input",8.17,85.1,15.2,NA,0,257,NA,496.908341341439,"Experiment 3","Not fertilized","Ambient CO2 Not fertilized Experiment 3","Experiment 3","11 Experiment 3"
"491",2012-10-04,"12","High CO2","Did not receive input",7.44,236.1,15.2,NA,0.1,1208,NA,2335.66255385392,"Experiment 3","Fertilized","High CO2 Fertilized Experiment 3","Experiment 3","12 Experiment 3"
"501",2012-10-04,"13","Ambient CO2","Did not receive input",7.67,238.8,15.2,NA,0.1,477,NA,922.277349493644,"Experiment 3","Fertilized","Ambient CO2 Fertilized Experiment 3","Experiment 3","13 Experiment 3"
"511",2012-10-04,"14","High CO2","Did not receive input",7.62,85.6,15.2,NA,0,1115,NA,2155.84747313504,"Experiment 3","Not fertilized","High CO2 Not fertilized Experiment 3","Experiment 3","14 Experiment 3"
"521",2012-10-04,"15","Ambient CO2","Did not receive input",8.04,84.7,15.2,NA,0,253,NA,489.174359375036,"Experiment 3","Not fertilized","Ambient CO2 Not fertilized Experiment 3","Experiment 3","15 Experiment 3"
"531",2012-10-04,"16","High CO2","Did not receive input",7.47,148.2,15.2,NA,0.1,1282,NA,2478.74122023239,"Experiment 3","Fertilized","High CO2 Fertilized Experiment 3","Experiment 3","16 Experiment 3"
"541",2012-10-04,"lake","Lake","Did not receive input",8.04,86.2,15.2,NA,0,382,NA,738.595277791556,"Experiment 3","Lake","Lake Lake Experiment 3","Experiment 3","lake Experiment 3"
"551",2012-10-04,"lake","Lake","Did not receive input",8.06,86.2,15.2,NA,0,360,NA,696.058376976335,"Experiment 3","Lake","Lake Lake Experiment 3","Experiment 3","lake Experiment 3"
"561",2012-10-05,"1","High CO2","Did not receive input",7.49,214.2,15,NA,0.1,1174,NA,2263.81059224175,"Experiment 3","Fertilized","High CO2 Fertilized Experiment 3","Experiment 3","1 Experiment 3"
"571",2012-10-05,"2","Ambient CO2","Did not receive input",8.13,84.5,14.9,NA,0,299,NA,575.781010719843,"Experiment 3","Not fertilized","Ambient CO2 Not fertilized Experiment 3","Experiment 3","2 Experiment 3"
"581",2012-10-05,"3","High CO2","Did not receive input",7.7,84.8,14.9,NA,0,1081,NA,2081.66980798712,"Experiment 3","Not fertilized","High CO2 Not fertilized Experiment 3","Experiment 3","3 Experiment 3"
"591",2012-10-05,"4","Ambient CO2","Did not receive input",7.63,290.4,15,NA,0.1,451,NA,869.6580724881,"Experiment 3","Fertilized","Ambient CO2 Fertilized Experiment 3","Experiment 3","4 Experiment 3"
"601",2012-10-05,"5","High CO2","Did not receive input",7.38,240.4,14.9,NA,0.1,1348,NA,2595.82877073695,"Experiment 3","Fertilized","High CO2 Fertilized Experiment 3","Experiment 3","5 Experiment 3"
"611",2012-10-05,"6","Ambient CO2","Did not receive input",8.09,84.6,14.9,NA,0,292,NA,562.301187726401,"Experiment 3","Not fertilized","Ambient CO2 Not fertilized Experiment 3","Experiment 3","6 Experiment 3"
"621",2012-10-05,"7","High CO2","Did not receive input",7.62,84.9,14.9,NA,0,1277,NA,2459.10485180347,"Experiment 3","Not fertilized","High CO2 Not fertilized Experiment 3","Experiment 3","7 Experiment 3"
"631",2012-10-05,"8","Ambient CO2","Did not receive input",7.71,248.3,15,NA,0.1,414,NA,798.311401352713,"Experiment 3","Fertilized","Ambient CO2 Fertilized Experiment 3","Experiment 3","8 Experiment 3"
"641",2012-10-05,"9","Ambient CO2","Did not receive input",7.59,311.6,15,NA,0.1,432,NA,833.020592715874,"Experiment 3","Fertilized","Ambient CO2 Fertilized Experiment 3","Experiment 3","9 Experiment 3"
"651",2012-10-05,"10","High CO2","Did not receive input",7.71,85.1,15,NA,0,978,NA,1885.8660640651,"Experiment 3","Not fertilized","High CO2 Not fertilized Experiment 3","Experiment 3","10 Experiment 3"
"661",2012-10-05,"11","Ambient CO2","Did not receive input",8.17,85.6,15,NA,0,248,NA,478.215525448002,"Experiment 3","Not fertilized","Ambient CO2 Not fertilized Experiment 3","Experiment 3","11 Experiment 3"
"671",2012-10-05,"12","High CO2","Did not receive input",7.46,236.2,15,NA,0.1,1072,NA,2067.12517451717,"Experiment 3","Fertilized","High CO2 Fertilized Experiment 3","Experiment 3","12 Experiment 3"
"681",2012-10-05,"13","Ambient CO2","Did not receive input",7.72,239.3,15,NA,0.1,387,NA,746.24761430797,"Experiment 3","Fertilized","Ambient CO2 Fertilized Experiment 3","Experiment 3","13 Experiment 3"
"691",2012-10-05,"14","High CO2","Did not receive input",7.68,85.4,15,NA,0,1134,NA,2186.67905587917,"Experiment 3","Not fertilized","High CO2 Not fertilized Experiment 3","Experiment 3","14 Experiment 3"
"701",2012-10-05,"15","Ambient CO2","Did not receive input",8.04,84.8,15,NA,0,291,NA,561.131927037776,"Experiment 3","Not fertilized","Ambient CO2 Not fertilized Experiment 3","Experiment 3","15 Experiment 3"
"711",2012-10-05,"16","High CO2","Did not receive input",7.47,148.2,15,NA,0.1,1268,NA,2445.06970269382,"Experiment 3","Fertilized","High CO2 Fertilized Experiment 3","Experiment 3","16 Experiment 3"
"721",2012-10-05,"lake","Lake","Did not receive input",8.03,86.5,15,NA,0,400,NA,771.315363625809,"Experiment 3","Lake","Lake Lake Experiment 3","Experiment 3","lake Experiment 3"
"731",2012-10-05,"lake","Lake","Did not receive input",8.07,86.5,15,NA,0,337,NA,649.833193854744,"Experiment 3","Lake","Lake Lake Experiment 3","Experiment 3","lake Experiment 3"
"751",2012-10-08,"2","Ambient CO2","Did not receive input",7.84,83.1,14.2,NA,0,237,NA,452.094412111122,"Experiment 3","Not fertilized","Ambient CO2 Not fertilized Experiment 3","Experiment 3","2 Experiment 3"
"761",2012-10-08,"3","High CO2","Did not receive input",7.44,83.6,14.2,NA,0,874,NA,1667.21736786971,"Experiment 3","Not fertilized","High CO2 Not fertilized Experiment 3","Experiment 3","3 Experiment 3"
"771",2012-10-08,"4","Ambient CO2","Did not receive input",7.62,288.3,14.2,NA,0.1,258,NA,492.153410652614,"Experiment 3","Fertilized","Ambient CO2 Fertilized Experiment 3","Experiment 3","4 Experiment 3"
"781",2012-10-08,"5","High CO2","Did not receive input",7.22,251.4,14.2,NA,0.1,1234,NA,2353.94305715242,"Experiment 3","Fertilized","High CO2 Fertilized Experiment 3","Experiment 3","5 Experiment 3"
"791",2012-10-08,"6","Ambient CO2","Did not receive input",7.9,83.2,14.1,NA,0,227,NA,432.43373844931,"Experiment 3","Not fertilized","Ambient CO2 Not fertilized Experiment 3","Experiment 3","6 Experiment 3"
"801",2012-10-08,"7","High CO2","Did not receive input",7.53,83.6,14.2,NA,0,1098,NA,2094.51335231229,"Experiment 3","Not fertilized","High CO2 Not fertilized Experiment 3","Experiment 3","7 Experiment 3"
"811",2012-10-08,"8","Ambient CO2","Did not receive input",7.71,246.7,14.2,NA,0.1,255,NA,486.430696575258,"Experiment 3","Fertilized","Ambient CO2 Fertilized Experiment 3","Experiment 3","8 Experiment 3"
"821",2012-10-08,"9","Ambient CO2","Did not receive input",7.61,309,14.2,NA,0.1,242,NA,461.632268906715,"Experiment 3","Fertilized","Ambient CO2 Fertilized Experiment 3","Experiment 3","9 Experiment 3"
"831",2012-10-08,"10","High CO2","Did not receive input",7.66,84.1,14.2,NA,0,730,NA,1392.52709215662,"Experiment 3","Not fertilized","High CO2 Not fertilized Experiment 3","Experiment 3","10 Experiment 3"
"841",2012-10-08,"11","Ambient CO2","Did not receive input",8.36,84.4,14.2,NA,0,106,NA,202.202564066578,"Experiment 3","Not fertilized","Ambient CO2 Not fertilized Experiment 3","Experiment 3","11 Experiment 3"
"851",2012-10-08,"12","High CO2","Did not receive input",7.29,231.2,14.3,NA,0.1,1504,NA,2872.86729753245,"Experiment 3","Fertilized","High CO2 Fertilized Experiment 3","Experiment 3","12 Experiment 3"
"861",2012-10-08,"13","Ambient CO2","Did not receive input",7.78,237.7,14.2,NA,0.1,238,NA,454.001983470241,"Experiment 3","Fertilized","Ambient CO2 Fertilized Experiment 3","Experiment 3","13 Experiment 3"
"871",2012-10-08,"14","High CO2","Did not receive input",7.73,84.9,14.3,NA,0,1048,NA,2001.83838285506,"Experiment 3","Not fertilized","High CO2 Not fertilized Experiment 3","Experiment 3","14 Experiment 3"
"881",2012-10-08,"15","Ambient CO2","Did not receive input",8.07,83.5,14.3,NA,0,200,NA,382.030225735698,"Experiment 3","Not fertilized","Ambient CO2 Not fertilized Experiment 3","Experiment 3","15 Experiment 3"
"901",2012-10-08,"lake","Lake","Did not receive input",7.75,86.6,14.4,NA,0,558,NA,1067.30542662208,"Experiment 3","Lake","Lake Lake Experiment 3","Experiment 3","lake Experiment 3"
"911",2012-10-08,"lake","Lake","Did not receive input",7.98,86.4,14.5,NA,0,495,NA,948.082993963449,"Experiment 3","Lake","Lake Lake Experiment 3","Experiment 3","lake Experiment 3"
"921",2012-10-08,"lake","Lake","Did not receive input",7.85,86.6,14.4,NA,0,NA,NA,NA,"Experiment 3","Lake","Lake Lake Experiment 3","Experiment 3","lake Experiment 3"
"931",2012-10-08,"lake","Lake","Did not receive input",7.86,86.4,14.5,NA,0,NA,NA,NA,"Experiment 3","Lake","Lake Lake Experiment 3","Experiment 3","lake Experiment 3"
"951",2012-10-09,"2","Ambient CO2","Did not receive input",7.93,82.8,13.5,NA,0,281,NA,530.975775354717,"Experiment 3","Not fertilized","Ambient CO2 Not fertilized Experiment 3","Experiment 3","2 Experiment 3"
"961",2012-10-09,"3","High CO2","Did not receive input",7.58,83.8,13.5,NA,0,861,NA,1626.94000918296,"Experiment 3","Not fertilized","High CO2 Not fertilized Experiment 3","Experiment 3","3 Experiment 3"
"971",2012-10-09,"4","Ambient CO2","Did not receive input",7.61,288.1,13.5,NA,0.1,247,NA,466.729596130302,"Experiment 3","Fertilized","Ambient CO2 Fertilized Experiment 3","Experiment 3","4 Experiment 3"
"981",2012-10-09,"5","High CO2","Did not receive input",7.31,251.7,13.4,NA,0.1,1263,NA,2383.32758673714,"Experiment 3","Fertilized","High CO2 Fertilized Experiment 3","Experiment 3","5 Experiment 3"
"991",2012-10-09,"6","Ambient CO2","Did not receive input",8.05,83.2,13.4,NA,0,280,NA,528.370328017735,"Experiment 3","Not fertilized","Ambient CO2 Not fertilized Experiment 3","Experiment 3","6 Experiment 3"
"1001",2012-10-09,"7","High CO2","Did not receive input",7.6,83.7,13.4,NA,0,1051,NA,1983.27576695228,"Experiment 3","Not fertilized","High CO2 Not fertilized Experiment 3","Experiment 3","7 Experiment 3"
"1011",2012-10-09,"8","Ambient CO2","Did not receive input",7.75,246.9,13.5,NA,0.1,239,NA,451.612848077499,"Experiment 3","Fertilized","Ambient CO2 Fertilized Experiment 3","Experiment 3","8 Experiment 3"
"1021",2012-10-09,"9","Ambient CO2","Did not receive input",7.62,309.1,13.5,NA,0.1,276,NA,521.527807821715,"Experiment 3","Fertilized","Ambient CO2 Fertilized Experiment 3","Experiment 3","9 Experiment 3"
"1031",2012-10-09,"10","High CO2","Did not receive input",7.78,84.2,13.5,NA,0,748,NA,1413.41594293711,"Experiment 3","Not fertilized","High CO2 Not fertilized Experiment 3","Experiment 3","10 Experiment 3"
"1041",2012-10-09,"11","Ambient CO2","Did not receive input",8.45,84.4,13.5,NA,0,155,NA,292.886993523064,"Experiment 3","Not fertilized","Ambient CO2 Not fertilized Experiment 3","Experiment 3","11 Experiment 3"
"1051",2012-10-09,"12","High CO2","Did not receive input",7.32,230.5,13.6,NA,0.1,1835,NA,3472.10086767206,"Experiment 3","Fertilized","High CO2 Fertilized Experiment 3","Experiment 3","12 Experiment 3"
"1061",2012-10-09,"13","Ambient CO2","Did not receive input",7.78,237.8,13.5,NA,0.1,262,NA,495.073498729309,"Experiment 3","Fertilized","Ambient CO2 Fertilized Experiment 3","Experiment 3","13 Experiment 3"
"1071",2012-10-09,"14","High CO2","Did not receive input",7.61,85,13.5,NA,0,1051,NA,1985.96277543704,"Experiment 3","Not fertilized","High CO2 Not fertilized Experiment 3","Experiment 3","14 Experiment 3"
"1081",2012-10-09,"15","Ambient CO2","Did not receive input",8.09,83.5,13.5,NA,0,281,NA,530.975775354717,"Experiment 3","Not fertilized","Ambient CO2 Not fertilized Experiment 3","Experiment 3","15 Experiment 3"
"1101",2012-10-09,"lake","Lake","Did not receive input",7.89,86.6,13.6,NA,0,529,NA,1000.94896948148,"Experiment 3","Lake","Lake Lake Experiment 3","Experiment 3","lake Experiment 3"
"1111",2012-10-09,"lake","Lake","Did not receive input",7.8,86.3,13.6,NA,0,555,NA,1050.14494907792,"Experiment 3","Lake","Lake Lake Experiment 3","Experiment 3","lake Experiment 3"
"1121",2012-10-09,"lake","Lake","Did not receive input",7.86,86.3,13.6,NA,0,535,NA,1012.30188784989,"Experiment 3","Lake","Lake Lake Experiment 3","Experiment 3","lake Experiment 3"
"1131",2012-10-09,"lake","Lake","Did not receive input",7.91,86.3,13.7,NA,0,NA,NA,NA,"Experiment 3","Lake","Lake Lake Experiment 3","Experiment 3","lake Experiment 3"
"1151",2012-10-10,"2","Ambient CO2","Did not receive input",7.91,83.2,13.4,NA,0,259,NA,488.742553416405,"Experiment 3","Not fertilized","Ambient CO2 Not fertilized Experiment 3","Experiment 3","2 Experiment 3"
"1161",2012-10-10,"3","High CO2","Did not receive input",7.6,83.8,13.4,NA,0,890,NA,1679.46282834209,"Experiment 3","Not fertilized","High CO2 Not fertilized Experiment 3","Experiment 3","3 Experiment 3"
"1171",2012-10-10,"4","Ambient CO2","Did not receive input",7.65,289.3,13.4,NA,0.1,236,NA,445.340705043519,"Experiment 3","Fertilized","Ambient CO2 Fertilized Experiment 3","Experiment 3","4 Experiment 3"
"1181",2012-10-10,"5","High CO2","Did not receive input",7.35,252.2,13.4,NA,0.1,1313,NA,2477.67943102602,"Experiment 3","Fertilized","High CO2 Fertilized Experiment 3","Experiment 3","5 Experiment 3"
"1191",2012-10-10,"6","Ambient CO2","Did not receive input",7.99,83.4,13.4,NA,0,270,NA,509.499959159959,"Experiment 3","Not fertilized","Ambient CO2 Not fertilized Experiment 3","Experiment 3","6 Experiment 3"
"1201",2012-10-10,"7","High CO2","Did not receive input",7.59,83.7,13.4,NA,0,1009,NA,1904.02021774962,"Experiment 3","Not fertilized","High CO2 Not fertilized Experiment 3","Experiment 3","7 Experiment 3"
"1211",2012-10-10,"8","Ambient CO2","Did not receive input",7.8,233,13.4,NA,0.1,273,NA,515.161069817291,"Experiment 3","Fertilized","Ambient CO2 Fertilized Experiment 3","Experiment 3","8 Experiment 3"
"1221",2012-10-10,"9","Ambient CO2","Did not receive input",7.67,310.1,13.4,NA,0.1,232,NA,437.792557500409,"Experiment 3","Fertilized","Ambient CO2 Fertilized Experiment 3","Experiment 3","9 Experiment 3"
"1231",2012-10-10,"10","High CO2","Did not receive input",7.79,84.4,13.4,NA,0,785,NA,1481.32395533543,"Experiment 3","Not fertilized","High CO2 Not fertilized Experiment 3","Experiment 3","10 Experiment 3"
"1241",2012-10-10,"11","Ambient CO2","Did not receive input",8.44,84.4,13.4,NA,0,134,NA,252.862942694202,"Experiment 3","Not fertilized","Ambient CO2 Not fertilized Experiment 3","Experiment 3","11 Experiment 3"
"1251",2012-10-10,"12","High CO2","Did not receive input",7.39,228.2,13.4,NA,0.1,1441,NA,2719.22015240556,"Experiment 3","Fertilized","High CO2 Fertilized Experiment 3","Experiment 3","12 Experiment 3"
"1261",2012-10-10,"13","Ambient CO2","Did not receive input",7.85,237.8,13.4,NA,0.1,247,NA,466.098110787073,"Experiment 3","Fertilized","Ambient CO2 Fertilized Experiment 3","Experiment 3","13 Experiment 3"
"1271",2012-10-10,"14","High CO2","Did not receive input",7.71,85.8,13.5,NA,0,1089,NA,2057.76732868785,"Experiment 3","Not fertilized","High CO2 Not fertilized Experiment 3","Experiment 3","14 Experiment 3"
"1281",2012-10-10,"15","Ambient CO2","Did not receive input",8.12,83.9,13.5,NA,0,250,NA,472.398376650104,"Experiment 3","Not fertilized","Ambient CO2 Not fertilized Experiment 3","Experiment 3","15 Experiment 3"
"1301",2012-10-10,"lake","Lake","Did not receive input",8,86.5,13.5,NA,0,447,NA,844.648297450385,"Experiment 3","Lake","Lake Lake Experiment 3","Experiment 3","lake Experiment 3"
"1311",2012-10-10,"lake","Lake","Did not receive input",7.94,86.4,13.5,NA,0,438,NA,827.641955890982,"Experiment 3","Lake","Lake Lake Experiment 3","Experiment 3","lake Experiment 3"
"1321",2012-10-10,"lake","Lake","Did not receive input",7.97,86.3,13.5,NA,0,438,NA,827.641955890982,"Experiment 3","Lake","Lake Lake Experiment 3","Experiment 3","lake Experiment 3"
"1341",2012-10-12,"2","Ambient CO2","Did not receive input",7.42,83.1,12.3,NA,0,NA,NA,NA,"Experiment 3","Not fertilized","Ambient CO2 Not fertilized Experiment 3","Experiment 3","2 Experiment 3"
"1351",2012-10-12,"3","High CO2","Did not receive input",7.26,83.7,12.2,NA,0,NA,NA,NA,"Experiment 3","Not fertilized","High CO2 Not fertilized Experiment 3","Experiment 3","3 Experiment 3"
"1361",2012-10-12,"4","Ambient CO2","Did not receive input",7.56,289.2,12.2,NA,0.1,NA,NA,NA,"Experiment 3","Fertilized","Ambient CO2 Fertilized Experiment 3","Experiment 3","4 Experiment 3"
"1371",2012-10-12,"5","High CO2","Did not receive input",7.21,240.2,12.2,NA,0.1,NA,NA,NA,"Experiment 3","Fertilized","High CO2 Fertilized Experiment 3","Experiment 3","5 Experiment 3"
"1381",2012-10-12,"6","Ambient CO2","Did not receive input",7.65,83.7,12.2,NA,0,NA,NA,NA,"Experiment 3","Not fertilized","Ambient CO2 Not fertilized Experiment 3","Experiment 3","6 Experiment 3"
"1391",2012-10-12,"7","High CO2","Did not receive input",7.37,83.7,12.2,NA,0,NA,NA,NA,"Experiment 3","Not fertilized","High CO2 Not fertilized Experiment 3","Experiment 3","7 Experiment 3"
"1401",2012-10-12,"8","Ambient CO2","Did not receive input",7.73,232.3,12.2,NA,0.1,NA,NA,NA,"Experiment 3","Fertilized","Ambient CO2 Fertilized Experiment 3","Experiment 3","8 Experiment 3"
"1411",2012-10-12,"9","Ambient CO2","Did not receive input",7.61,309.9,12.2,NA,0.1,NA,NA,NA,"Experiment 3","Fertilized","Ambient CO2 Fertilized Experiment 3","Experiment 3","9 Experiment 3"
"1421",2012-10-12,"10","High CO2","Did not receive input",7.61,84.4,12.2,NA,0,NA,NA,NA,"Experiment 3","Not fertilized","High CO2 Not fertilized Experiment 3","Experiment 3","10 Experiment 3"
"1431",2012-10-12,"11","Ambient CO2","Did not receive input",8.14,84.3,12.2,NA,0,NA,NA,NA,"Experiment 3","Not fertilized","Ambient CO2 Not fertilized Experiment 3","Experiment 3","11 Experiment 3"
"1441",2012-10-12,"12","High CO2","Did not receive input",7.46,221.3,12.2,NA,0.1,NA,NA,NA,"Experiment 3","Fertilized","High CO2 Fertilized Experiment 3","Experiment 3","12 Experiment 3"
"1451",2012-10-12,"13","Ambient CO2","Did not receive input",7.78,237.1,12.2,NA,0.1,NA,NA,NA,"Experiment 3","Fertilized","Ambient CO2 Fertilized Experiment 3","Experiment 3","13 Experiment 3"
"1461",2012-10-12,"14","High CO2","Did not receive input",7.63,83.8,12.2,NA,0,NA,NA,NA,"Experiment 3","Not fertilized","High CO2 Not fertilized Experiment 3","Experiment 3","14 Experiment 3"
"1471",2012-10-12,"15","Ambient CO2","Did not receive input",8,86.6,12.2,NA,0,NA,NA,NA,"Experiment 3","Not fertilized","Ambient CO2 Not fertilized Experiment 3","Experiment 3","15 Experiment 3"
"1491",2012-10-12,"lake","Lake","Did not receive input",7.97,86.6,12.2,NA,0,NA,NA,NA,"Experiment 3","Lake","Lake Lake Experiment 3","Experiment 3","lake Experiment 3"
"1501",2012-10-12,"lake","Lake","Did not receive input",7.96,86.4,12.2,NA,0,NA,NA,NA,"Experiment 3","Lake","Lake Lake Experiment 3","Experiment 3","lake Experiment 3"
"1521",2012-10-17,"2","Ambient CO2","Did not receive input",7.39,82.8,10.4,NA,0,272,NA,492.798141202371,"Experiment 3","Not fertilized","Ambient CO2 Not fertilized Experiment 3","Experiment 3","2 Experiment 3"
"1531",2012-10-17,"3","High CO2","Did not receive input",7.19,83.4,10.4,NA,0,1264,NA,2290.06195029337,"Experiment 3","Not fertilized","High CO2 Not fertilized Experiment 3","Experiment 3","3 Experiment 3"
"1541",2012-10-17,"4","Ambient CO2","Did not receive input",7.44,289.5,10.4,NA,0.1,226,NA,409.457279087264,"Experiment 3","Fertilized","Ambient CO2 Fertilized Experiment 3","Experiment 3","4 Experiment 3"
"1551",2012-10-17,"5","High CO2","Did not receive input",7.13,247.2,10.4,NA,0.1,1494,NA,2706.7662608689,"Experiment 3","Fertilized","High CO2 Fertilized Experiment 3","Experiment 3","5 Experiment 3"
"1571",2012-10-17,"7","High CO2","Did not receive input",7.33,83.3,10.4,NA,0,1405,NA,2545.51981025489,"Experiment 3","Not fertilized","High CO2 Not fertilized Experiment 3","Experiment 3","7 Experiment 3"
"1591",2012-10-17,"9","Ambient CO2","Did not receive input",7.55,308.1,10.4,NA,0.1,197,NA,356.916300797305,"Experiment 3","Fertilized","Ambient CO2 Fertilized Experiment 3","Experiment 3","9 Experiment 3"
"1601",2012-10-17,"10","High CO2","Did not receive input",7.76,83.9,10.4,NA,0,1022,NA,1851.61654525303,"Experiment 3","Not fertilized","High CO2 Not fertilized Experiment 3","Experiment 3","10 Experiment 3"
"1631",2012-10-17,"13","Ambient CO2","Did not receive input",7.72,235.6,10.4,NA,0,247,NA,447.504194400682,"Experiment 3","Fertilized","Ambient CO2 Fertilized Experiment 3","Experiment 3","13 Experiment 3"
"1671",2012-10-17,"lake","Lake","Did not receive input",8.05,86.6,10.4,NA,0,302,NA,547.150877364397,"Experiment 3","Lake","Lake Lake Experiment 3","Experiment 3","lake Experiment 3"
"1681",2012-10-17,"lake","Lake","Did not receive input",8.05,86.4,10.4,NA,0,302,NA,547.150877364397,"Experiment 3","Lake","Lake Lake Experiment 3","Experiment 3","lake Experiment 3"
"1691",NA,"","Lake","Did not receive input",NA,NA,NA,NA,NA,NA,NA,NA,"Experiment 3","Lake","Lake Lake Experiment 3","Experiment 3"," Experiment 3"
"1701",NA,"","Lake","Did not receive input",NA,NA,NA,NA,NA,NA,NA,NA,"Experiment 3","Lake","Lake Lake Experiment 3","Experiment 3"," Experiment 3"
"1452",2012-09-13,"1","High CO2","Received input",7.68,58.9,20.1,NA,0,1478,397,3050.9487497244,"Experiment 2","Not fertilized","High CO2 Not fertilized Experiment 2 after fertilization","Experiment 2 after fertilization","1 Experiment 2 after fertilization"
"1462",2012-09-13,"2","Ambient CO2","Did not receive input",8.2,58.1,20.1,NA,0,283,397,584.180308641411,"Experiment 2","Not fertilized","Ambient CO2 Not fertilized Experiment 2 after fertilization","Experiment 2 after fertilization","2 Experiment 2 after fertilization"
"1472",2012-09-13,"3","High CO2","Did not receive input",7.67,58.7,20.1,NA,0,1518,397,3133.51840465605,"Experiment 2","Not fertilized","High CO2 Not fertilized Experiment 2 after fertilization","Experiment 2 after fertilization","3 Experiment 2 after fertilization"
"1481",2012-09-13,"4","Ambient CO2","Received input",8.14,58.6,20.1,NA,0,286,397,590.373032761285,"Experiment 2","Not fertilized","Ambient CO2 Not fertilized Experiment 2 after fertilization","Experiment 2 after fertilization","4 Experiment 2 after fertilization"
"1492",2012-09-13,"5","Ambient CO2","Received input",8.27,58.7,20.1,NA,0,261,397,538.766998429005,"Experiment 2","Fertilized","Ambient CO2 Fertilized Experiment 2 after fertilization","Experiment 2 after fertilization","5 Experiment 2 after fertilization"
"1502",2012-09-13,"6","High CO2","Did not receive input",7.68,59,20.1,NA,0,1512,397,3121.1329564163,"Experiment 2","Fertilized","High CO2 Fertilized Experiment 2 after fertilization","Experiment 2 after fertilization","6 Experiment 2 after fertilization"
"1511",2012-09-13,"7","Ambient CO2","Did not receive input",8.16,58.5,20.1,NA,0,273,397,563.537894908499,"Experiment 2","Fertilized","Ambient CO2 Fertilized Experiment 2 after fertilization","Experiment 2 after fertilization","7 Experiment 2 after fertilization"
"1522",2012-09-13,"8","High CO2","Received input",7.67,59,20.1,NA,0,1470,397,3034.43481873807,"Experiment 2","Fertilized","High CO2 Fertilized Experiment 2 after fertilization","Experiment 2 after fertilization","8 Experiment 2 after fertilization"
"1532",2012-09-13,"9","High CO2","Did not receive input",7.6,58.7,20.1,NA,0,1701,397,3511.27457596834,"Experiment 2","Not fertilized","High CO2 Not fertilized Experiment 2 after fertilization","Experiment 2 after fertilization","9 Experiment 2 after fertilization"
"1542",2012-09-13,"10","Ambient CO2","Received input",8.17,58.5,20.1,NA,0,291,397,600.694239627741,"Experiment 2","Not fertilized","Ambient CO2 Not fertilized Experiment 2 after fertilization","Experiment 2 after fertilization","10 Experiment 2 after fertilization"
"1552",2012-09-13,"11","High CO2","Received input",7.8,58.9,20,NA,0,1134,397,2337.76060141716,"Experiment 2","Not fertilized","High CO2 Not fertilized Experiment 2 after fertilization","Experiment 2 after fertilization","11 Experiment 2 after fertilization"
"1561",2012-09-13,"12","Ambient CO2","Did not receive input",7.18,58.6,20.1,NA,0,283,397,584.180308641411,"Experiment 2","Not fertilized","Ambient CO2 Not fertilized Experiment 2 after fertilization","Experiment 2 after fertilization","12 Experiment 2 after fertilization"
"1572",2012-09-13,"13","High CO2","Did not receive input",7.59,59,20,NA,0,1748,397,3603.53221453015,"Experiment 2","Fertilized","High CO2 Fertilized Experiment 2 after fertilization","Experiment 2 after fertilization","13 Experiment 2 after fertilization"
"1581",2012-09-13,"14","Ambient CO2","Received input",8.12,58.6,20.1,NA,0,242,397,499.546412336472,"Experiment 2","Fertilized","Ambient CO2 Fertilized Experiment 2 after fertilization","Experiment 2 after fertilization","14 Experiment 2 after fertilization"
"1592",2012-09-13,"15","High CO2","Received input",7.72,59.1,20,NA,0,1347,397,2776.86378316483,"Experiment 2","Fertilized","High CO2 Fertilized Experiment 2 after fertilization","Experiment 2 after fertilization","15 Experiment 2 after fertilization"
"1602",2012-09-13,"16","Ambient CO2","Did not receive input",8.17,58.6,20.1,NA,0,278,397,573.859101774955,"Experiment 2","Fertilized","Ambient CO2 Fertilized Experiment 2 after fertilization","Experiment 2 after fertilization","16 Experiment 2 after fertilization"
"1611",2012-09-13,"lake","Lake","Did not receive input",8.88,58.9,20.1,NA,0,46,397,94.9551031713955,"Experiment 2","Lake","Lake Lake Experiment 2 after fertilization","Experiment 2 after fertilization","lake Experiment 2 after fertilization"
"1621",2012-09-13,"lake","Lake","Did not receive input",8.9,59.5,20.1,NA,0,73,397,150.689620250258,"Experiment 2","Lake","Lake Lake Experiment 2 after fertilization","Experiment 2 after fertilization","lake Experiment 2 after fertilization"
"1632",2012-09-13,"lake","Lake","Did not receive input",8.85,58.2,20,NA,0,109,397,224.705384086834,"Experiment 2","Lake","Lake Lake Experiment 2 after fertilization","Experiment 2 after fertilization","lake Experiment 2 after fertilization"
"1641",2012-09-13,"lake","Lake","Did not receive input",8.82,58.3,20,NA,0,68,397,140.183175393621,"Experiment 2","Lake","Lake Lake Experiment 2 after fertilization","Experiment 2 after fertilization","lake Experiment 2 after fertilization"
